<?xml version="1.0" encoding="UTF-8"?>
<!DOCTYPE suite SYSTEM "https://testng.org/testng-1.0.dtd">
<suite parallel="tests" name="Suite" verbose="5">
<parameter name="browser" value="chrome"></parameter>
  <test thread-count="5"  name="Test">
    <classes>
      <class name="testcase.TestCase_001"/>
      <class name="runner.ServiceNowRunner"/>
    </classes>
  </test> <!-- Test -->
  <parameter name="browser" value="edge"></parameter>
  <test thread-count="5"  name="Test1">
    <classes>
      <class name="testcase.TestCase_001"/>
      <class name="runner.ServiceNowRunner"/>
    </classes>
  </test> <!-- Test -->
</suite> <!-- Suite -->
